sId;sTeamOp;sTeamAw;sTeamBx;sTeamMk;sTeamSn;sTeamTs
f0001;2 de Mayo;;;;;
f0002;A. Klagenfurt;;;;;
f0003;Aalborg;;;;;
f0004;Aarau;;;;;
f0005;Aarhus;;;;;
f0006;Abu Qir Semad;;;;;
f0007;AC Milan;;;;;
f0008;Academico Viseu;;;;;
f0009;Academico Viseu U23;;;;;
f0010;AD Merida;;;;;
f0011;AD Tarma;;;;;
f0012;Adama City;;;;;
f0013;Adamstown Rosebud;;;;;
f0014;Adelaide United;;;;;
f0015;Admira;;;;;
f0016;AE Altos;;;;;
f0017;AEK Athens;;;;;
f0018;AEK Larnaca;;;;;
f0019;Afturelding;;;;;
f0020;Agua Santa;;;;;
f0021;Aguia De Maraba;;;;;
f0022;Aguila;;;;;
f0023;Aguilas FC;;;;;
f0024;AIK;;;;;
f0025;Airbus;;;;;
f0026;Airdrieonians;;;;;
f0027;Ajka;;;;;
f0028;Ajman;;;;;
f0029;Akranes;;;;;
f0030;Al Adalah;;;;;
f0031;Al Ahli Doha;;;;;
f0032;Al Ahli SC;;;;;
f0033;Al Ain;;;;;
f0034;Al Arabi;;;;;
f0035;Al Bataeh;;;;;
f0036;Al Buqaa;;;;;
f0037;Al Dhafra;;;;;
f0038;Al Diriyah;;;;;
f0039;Al Ettifaq;;;;;
f0040;Al Fateh;;;;;
f0041;Al Fayha;;;;;
f0042;Al Fujairah;;;;;
f0043;Al Gharraf;;;;;
f0044;Al Hamriyah;;;;;
f0045;Al Hazem;;;;;
f0046;Al Hilal;;;;;
f0047;Al Hussein;;;;;
f0048;Al Ittihad;;;;;
f0049;Al Jazeera Amman;;;;;
f0050;Al Jazira;;;;;
f0051;Al Jazira Hamra;;;;;
f0052;Al Khaleej;;;;;
f0053;Al Masry;;;;;
f0054;Al Nahda;;;;;
f0055;Al Najma;;;;;
f0056;Al Nasr;;;;;
f0057;Al Nassr;;;;;
f0058;Al Qanah;;;;;
f0059;Al Ramtha;;;;;
f0060;Al Rayyan;;;;;
f0061;Al Riyadh;;;;;
f0062;Al Salt;;;;;
f0063;Al Shabab;;;;;
f0064;Al Sharjah;;;;;
f0065;Al Shorta;;;;;
f0066;Al Taee;;;;;
f0067;Al Thaid;;;;;
f0068;Al Urooba;;;;;
f0069;Al Wahda;;;;;
f0070;Al Wakra;;;;;
f0071;Al Wasl;;;;;
f0072;Al Wasl U23;;;;;
f0073;Al Wehdat;;;;;
f0074;Al Zawraa;;;;;
f0075;Al Zulfi;;;;;
f0076;Alagoinhas;;;;;
f0077;Alajuelense;;;;;
f0078;Alashkert;;;;;
f0079;Alaves;;;;;
f0080;Albacete;;;;;
f0081;AlbinoLeffe;;;;;
f0082;Albirex Niigata;;;;;
f0083;Alcorcon;;;;;
f0084;Aldershot;;;;;
f0085;Al-Duhail;;;;;
f0086;Al-Faisaly;;;;;
f0087;Al-Faisaly Amman;;;;;
f0088;Algeciras;;;;;
f0089;Al-Gharafa;;;;;
f0090;Alianza Atl.;;;;;
f0091;Alianza FC;;;;;
f0092;Al-Ittifaq;;;;;
f0093;All Boys;;;;;
f0094;Almere City;;;;;
f0095;Almeria;;;;;
f0096;Almirante Brown;;;;;
f0097;Al-Muharraq;;;;;
f0098;Al-Sadd;;;;;
f0099;Al-Sekka;;;;;
f0100;Al-Shabab;;;;;
f0101;Al-Shabbab;;;;;
f0102;Al-Shahaniya;;;;;
f0103;Altamura;;;;;
f0104;Al-Ula;;;;;
f0105;Always Ready;;;;;
f0106;AmaZulu;;;;;
f0107;Ameliano;;;;;
f0108;America MG U20;;;;;
f0109;America RN;;;;;
f0110;America SE;;;;;
f0111;Amstetten;;;;;
f0112;Anapolis;;;;;
f0113;Anderlecht;;;;;
f0114;Andorra;;;;;
f0115;Angers;;;;;
f0116;Annaba;;;;;
f0117;Annecy;;;;;
f0118;Antalyaspor;;;;;
f0119;Antequera;;;;;
f0120;Antigua;;;;;
f0121;APOEL;;;;;
f0122;APS Bomet;;;;;
f0123;Araba;;;;;
f0124;Arabe Unido;;;;;
f0125;Ararat Yerevan;;;;;
f0126;Araz;;;;;
f0127;Arda;;;;;
f0128;Arema FC;;;;;
f0129;Argentina U20 W;;;;;
f0130;Argentino de Quilmes;;;;;
f0131;Argentinos Jrs;;;;;
f0132;Aris;;;;;
f0133;Arka Gdynia;;;;;
f0134;Arouca;;;;;
f0135;Arsenal;;;;;
f0136;Arsenal Tula;;;;;
f0137;Arsenal U21;;;;;
f0138;Artis Brno;;;;;
f0139;Aruba U20;;;;;
f0140;Arzignano;;;;;
f0141;AS Roma;;;;;
f0142;ASA;;;;;
f0143;Ascoli;;;;;
f0144;Aston Villa;;;;;
f0145;Aston Villa U21;;;;;
f0146;Atalanta;;;;;
f0147;Atalanta U23;;;;;
f0148;Ath Bilbao B;;;;;
f0149;Athletic Bilbao W;;;;;
f0150;Athletico-PR;;;;;
f0151;Athlone;;;;;
f0152;Atl. Madrid U19;;;;;
f0153;Atl. Nacional;;;;;
f0154;Atl. Ottawa;;;;;
f0155;Atl. Rafaela;;;;;
f0156;Atl. San Luis;;;;;
f0157;Atl. Tucuman;;;;;
f0158;Atlante;;;;;
f0159;Atlas;;;;;
f0160;Atletico F.C.;;;;;
f0161;Atletico-MG;;;;;
f0162;Atus Velden;;;;;
f0163;Aubagne;;;;;
f0164;Auckland FC 2;;;;;
f0165;Aue;;;;;
f0166;Augsburg;;;;;
f0167;Aurora;;;;;
f0168;Aurora F.C.;;;;;
f0169;Austin FC;;;;;
f0170;Austria Vienna (Am);;;;;
f0171;Auxerre;;;;;
f0172;Avai U20;;;;;
f0173;Avellino;;;;;
f0174;Avispa Fukuoka;;;;;
f0175;Ayutthaya Utd;;;;;
f0176;AZ Alkmaar;;;;;
f0177;AZ Alkmaar U19;;;;;
f0178;B. Monchengladbach;;;;;
f0179;B.93;;;;;
f0180;Babelsberg;;;;;
f0181;Baglan Dragons;;;;;
f0182;Bahia;;;;;
f0183;Bala;;;;;
f0184;Baladiyat El Mahalla;;;;;
f0185;Balcatta;;;;;
f0186;Baltika;;;;;
f0187;Banfield;;;;;
f0188;Bangkok Utd;;;;;
f0189;Bani Yas;;;;;
f0190;Barakaldo;;;;;
f0191;Barcelona;;;;;
f0192;Barcelona B;;;;;
f0193;Barcelona SC;;;;;
f0194;Bari;;;;;
f0195;Barracas Central;;;;;
f0196;Barranquilla;;;;;
f0197;Basaksehir;;;;;
f0198;Basel;;;;;
f0199;Bastia;;;;;
f0200;Bayern II;;;;;
f0201;Bayswater;;;;;
f0202;Beerschot VA;;;;;
f0203;Bechar Djedid;;;;;
f0204;Beit Shean;;;;;
f0205;Beitar Yavne;;;;;
f0206;Bekescsaba 1912;;;;;
f0207;Belgrano;;;;;
f0208;Bellinzona;;;;;
f0209;Ben Aknoun;;;;;
f0210;Benevento;;;;;
f0211;Benfica;;;;;
f0212;Benfica U19;;;;;
f0213;Bengaluru FC;;;;;
f0214;Beni Oulbane;;;;;
f0215;Berkane;;;;;
f0216;Besiktas;;;;;
f0217;Beveren;;;;;
f0218;Beveren U21;;;;;
f0219;BFC Dynamo;;;;;
f0220;Bidco United;;;;;
f0221;Binga;;;;;
f0222;Birkirkara;;;;;
f0223;Birmingham;;;;;
f0224;Birmingham U21;;;;;
f0225;Biskra;;;;;
f0226;Bissen;;;;;
f0227;Blackburn U21;;;;;
f0228;Bnei Yehuda;;;;;
f0229;Boavista;;;;;
f0230;Boca Juniors;;;;;
f0231;Bodrumspor;;;;;
f0232;Bogota;;;;;
f0233;Bohemians;;;;;
f0234;Bochum;;;;;
f0235;Bochum II;;;;;
f0236;Bologna;;;;;
f0237;Boluspor;;;;;
f0238;Borneo;;;;;
f0239;Botafogo PB;;;;;
f0240;Botafogo RJ;;;;;
f0241;Botafogo U20;;;;;
f0242;Botev Plovdiv;;;;;
f0243;Bougouba;;;;;
f0244;Boulogne;;;;;
f0245;Bra;;;;;
f0246;Braga U23;;;;;
f0247;Bragantino;;;;;
f0248;Braintree;;;;;
f0249;Brann;;;;;
f0250;Bravo;;;;;
f0251;Bray;;;;;
f0252;Brazil U20 W;;;;;
f0253;Bregenz;;;;;
f0254;Breidablik;;;;;
f0255;Brescia;;;;;
f0256;Brighton U21;;;;;
f0257;Brighton W;;;;;
f0258;Brisbane City;;;;;
f0259;Brisbane Roar U23;;;;;
f0260;Bristol City;;;;;
f0261;Briton Ferry;;;;;
f0262;Broadmeadow;;;;;
f0263;Brunswick City;;;;;
f0264;Brusque;;;;;
f0265;Budafoki;;;;;
f0266;Buchbach;;;;;
f0267;Burgos CF;;;;;
f0268;Buriram;;;;;
f0269;Burnley U21;;;;;
f0270;BVSC-Zuglo;;;;;
f0271;BW Linz;;;;;
f0272;CA Batna;;;;;
f0273;Cacahuatique;;;;;
f0274;Cacereno;;;;;
f0275;Caernarfon;;;;;
f0276;Cagliari;;;;;
f0277;Cajamarca;;;;;
f0278;Cambuur;;;;;
f0279;Campobasso;;;;;
f0280;Canon Yaounde;;;;;
f0281;Capivariano;;;;;
f0282;Caracas;;;;;
f0283;Cardiff Metropolitan;;;;;
f0284;Carlisle;;;;;
f0285;Carpi;;;;;
f0286;Cartagines;;;;;
f0287;Castanhal;;;;;
f0288;Castellon B;;;;;
f0289;Catania;;;;;
f0290;CE Europa;;;;;
f0291;Ceara;;;;;
f0292;Ceilandia;;;;;
f0293;Celje;;;;;
f0294;Celta Vigo;;;;;
f0295;Celtic;;;;;
f0296;Central Coast Mariners;;;;;
f0297;Central Cordoba;;;;;
f0298;Central Esp.;;;;;
f0299;Cerezo Osaka;;;;;
f0300;Cerro Porteno;;;;;
f0301;Ceuta;;;;;
f0302;CF Montreal;;;;;
f0303;Cianorte;;;;;
f0304;Cibalia;;;;;
f0305;Cienciano;;;;;
f0306;Cittadella;;;;;
f0307;Ciudad Bolivar;;;;;
f0308;Clermont;;;;;
f0309;Club A. Guemes;;;;;
f0310;Club Brugge U19;;;;;
f0311;Club Leon;;;;;
f0312;Coastal Spirit;;;;;
f0313;Coban Imperial;;;;;
f0314;Cobh Ramblers;;;;;
f0315;Cobresal;;;;;
f0316;COD Meknes;;;;;
f0317;Colombia U20 W;;;;;
f0318;Columbus Crew;;;;;
f0319;Colwyn Bay;;;;;
f0320;Comunicaciones;;;;;
f0321;Concarneau;;;;;
f0322;Confianca;;;;;
f0323;Constantine;;;;;
f0324;Consultants Desamparados;;;;;
f0325;Cooks Hill United;;;;;
f0326;Coquimbo;;;;;
f0327;Cordoba;;;;;
f0328;Corinthians;;;;;
f0329;Coritiba;;;;;
f0330;Cork City;;;;;
f0331;Corum;;;;;
f0332;Cosenza;;;;;
f0333;Cotonsport;;;;;
f0334;Cottbus;;;;;
f0335;Coventry;;;;;
f0336;CR Belouizdad;;;;;
f0337;CR Beni Thour;;;;;
f0338;Cracovia;;;;;
f0339;Cremonese;;;;;
f0340;Criciuma U20;;;;;
f0341;Crotone;;;;;
f0342;Croydon;;;;;
f0343;Cruz Azul;;;;;
f0344;Cruzeiro;;;;;
f0345;Cruzeiro U20;;;;;
f0346;Crvena zvezda;;;;;
f0347;Crystal Palace;;;;;
f0348;Csakvari;;;;;
f0349;CSKA 1948 Sofia;;;;;
f0350;CSM Slatina;;;;;
f0351;Cukaricki;;;;;
f0352;Cwmbran Celtic;;;;;
f0353;Damac;;;;;
f0354;Dandenong City;;;;;
f0355;Dangkor;;;;;
f0356;Daring Brussels U21;;;;;
f0357;Darmstadt;;;;;
f0358;Dayrout;;;;;
f0359;DC United;;;;;
f0360;De Graafschap;;;;;
f0361;Debrecen;;;;;
f0362;Def. de Belgrano;;;;;
f0363;Defence Force;;;;;
f0364;Defensor Sp.;;;;;
f0365;Degerfors;;;;;
f0366;Delfin;;;;;
f0367;Den Bosch;;;;;
f0368;Den Haag;;;;;
f0369;Denbigh;;;;;
f0370;Dep. Cuenca;;;;;
f0371;Dep. Merlo;;;;;
f0372;Dep. Riestra;;;;;
f0373;Dep. Tachira (Ven);;;;;
f0374;Deportes Tolima (Col);;;;;
f0375;Deportivo Achuapa;;;;;
f0376;Deportivo Madryn;;;;;
f0377;Deportivo Maipu;;;;;
f0378;Deportivo Mixco;;;;;
f0379;Deportivo Moron;;;;;
f0380;Derby Academie;;;;;
f0381;Derry City;;;;;
f0382;Detonit Plackovica;;;;;
f0383;Deutschlandsberger;;;;;
f0384;Dewa United;;;;;
f0385;Dibba Al Fujairah;;;;;
f0386;Dibba Al Hisn;;;;;
f0387;Difai Agsu;;;;;
f0388;Differdange;;;;;
f0389;Din. Zagreb;;;;;
f0390;Dire Dawa;;;;;
f0391;Diriangen;;;;;
f0392;Djijel;;;;;
f0393;Dolomiti Bellunesi;;;;;
f0394;Donaufeld Wien;;;;;
f0395;Dordrecht;;;;;
f0396;Dortmund;;;;;
f0397;DPMM;;;;;
f0398;Drita;;;;;
f0399;Drogheda;;;;;
f0400;Drochtersen/Assel;;;;;
f0401;Dubai City;;;;;
f0402;Dubrava;;;;;
f0403;Dudelange;;;;;
f0404;Dukla Prague;;;;;
f0405;Dundalk;;;;;
f0406;Dunkerque;;;;;
f0407;Dusseldorf;;;;;
f0408;Dusseldorf II;;;;;
f0409;Dyn. Kyiv;;;;;
f0410;East Bengal;;;;;
f0411;Eastleigh;;;;;
f0412;Ecuador U20 W;;;;;
f0413;Eibar W;;;;;
f0414;Eilenburg;;;;;
f0415;Eindhoven FC;;;;;
f0416;El Bayadh;;;;;
f0417;Eldense;;;;;
f0418;El-Entag El-Harby;;;;;
f0419;Elfsborg;;;;;
f0420;Emirates Club;;;;;
f0421;Entella;;;;;
f0422;Epitsentr;;;;;
f0423;Erokspor;;;;;
f0424;Esperance Tunis;;;;;
f0425;Esteli;;;;;
f0426;Estoril;;;;;
f0427;Estudiantes L.P.;;;;;
f0428;Estudiantes Rio Cuarto;;;;;
f0429;Ethiopia Bunna;;;;;
f0430;Everton U21;;;;;
f0431;Everton W;;;;;
f0432;Fakel Voronezh;;;;;
f0433;FAR Rabat;;;;;
f0434;Farnborough;;;;;
f0435;FAS;;;;;
f0436;Fauve Azur Elite;;;;;
f0437;FBC Melgar;;;;;
f0438;FC Botosani;;;;;
f0439;FC Cartagena SAD;;;;;
f0440;FC Cincinnati;;;;;
f0441;FC Emmen;;;;;
f0442;FC Hermannstadt;;;;;
f0443;FC Koln;;;;;
f0444;FC Mamer;;;;;
f0445;FC Porto;;;;;
f0446;Feirense;;;;;
f0447;Felgueiras;;;;;
f0448;Fenerbahce;;;;;
f0449;Ferencvaros;;;;;
f0450;Ferretti;;;;;
f0451;Ferroviaria;;;;;
f0452;Feyenoord;;;;;
f0453;Finn Harps;;;;;
f0454;Fiorentina;;;;;
f0455;First Vienna;;;;;
f0456;First Vienna W;;;;;
f0457;FK Panevezys;;;;;
f0458;FK Sarajevo;;;;;
f0459;Flamengo RJ;;;;;
f0460;Fleury-Merogis;;;;;
f0461;Flint Mountain;;;;;
f0462;Floriana;;;;;
f0463;Fluminense;;;;;
f0464;Fluminense U20;;;;;
f0465;Foggia;;;;;
f0466;Fortaleza;;;;;
f0467;Fredericia;;;;;
f0468;Freiburg;;;;;
f0469;Freiburg II;;;;;
f0470;Fuerte San Francisco;;;;;
f0471;Fulham;;;;;
f0472;Fulham U21;;;;;
f0473;Furth II;;;;;
f0474;FUS Rabat;;;;;
f0475;G.A. Eagles;;;;;
f0476;Galatasaray;;;;;
f0477;Galway;;;;;
f0478;Gama;;;;;
f0479;Gamba Osaka;;;;;
f0480;GAS;;;;;
f0481;Gateshead;;;;;
f0482;Gaziantep;;;;;
f0483;Genesis;;;;;
f0484;Genk;;;;;
f0485;Gent U23;;;;;
f0486;Getafe;;;;;
f0487;Geylang;;;;;
f0488;Giana Erminio;;;;;
f0489;Gifu;;;;;
f0490;Gijon;;;;;
f0491;Gil Vicente;;;;;
f0492;Gimnasia Jujuy;;;;;
f0493;Gimnasia L.P.;;;;;
f0494;Gimnasia Mendoza;;;;;
f0495;Gimnasia y Tiro;;;;;
f0496;Giugliano;;;;;
f0497;GKS Katowice;;;;;
f0498;Gleisdorf;;;;;
f0499;Gnistan;;;;;
f0500;Goa;;;;;
f0501;Godoy Cruz;;;;;
f0502;Goias;;;;;
f0503;Gold Coast Knights;;;;;
f0504;Goztepe;;;;;
f0505;Grau;;;;;
f0506;Gremio;;;;;
f0507;Gremio Prudente;;;;;
f0508;Gremio U20;;;;;
f0509;Grenoble;;;;;
f0510;Grindavik;;;;;
f0511;Groningen;;;;;
f0512;Grossaspach;;;;;
f0513;Guadalajara;;;;;
f0514;Guadalajara Chivas;;;;;
f0515;Guadalupe;;;;;
f0516;Guarani;;;;;
f0517;Guarany de Bage;;;;;
f0518;Guastatoya;;;;;
f0519;Gulf United;;;;;
f0520;Gyor;;;;;
f0521;Gzira;;;;;
f0522;H. Akko;;;;;
f0523;H. Beer Sheva;;;;;
f0524;H. Ironi Rishon;;;;;
f0525;H. Marmorek;;;;;
f0526;H. Migdal HaEmek;;;;;
f0527;H. Raanana;;;;;
f0528;Hacken;;;;;
f0529;Hajduk Split;;;;;
f0530;Halmstad;;;;;
f0531;Hamburger SV II;;;;;
f0532;Hankofen-Hailing;;;;;
f0533;Hannover;;;;;
f0534;Hap. Ramat Gan;;;;;
f0535;Hapoel Afula;;;;;
f0536;Hapoel Haifa;;;;;
f0537;Hapoel Herzliya;;;;;
f0538;Hapoel Karmiel;;;;;
f0539;Harrogate;;;;;
f0540;Hartlepool;;;;;
f0541;Hassania Agadir;;;;;
f0542;Heidelberg Utd;;;;;
f0543;Heidenheim;;;;;
f0544;Helmond;;;;;
f0545;Helsingborg;;;;;
f0546;Heracles;;;;;
f0547;Hercules;;;;;
f0548;Herrera;;;;;
f0549;Hertha Berlin;;;;;
f0550;Hertha Berlin II;;;;;
f0551;Hertha Wels;;;;;
f0552;Hertha Zehlendorf;;;;;
f0553;Hibernian;;;;;
f0554;Hibernians;;;;;
f0555;Hillerod;;;;;
f0556;HJK U19;;;;;
f0557;Hobro;;;;;
f0558;Hoffenheim II;;;;;
f0559;Holon Yermiyahu;;;;;
f0560;Holywell;;;;;
f0561;Honved;;;;;
f0562;Hostert;;;;;
f0563;Houston Dynamo;;;;;
f0564;Huddersfield U21;;;;;
f0565;Hull U21;;;;;
f0566;Humaita;;;;;
f0567;Huracan;;;;;
f0568;Hvidovre IF;;;;;
f0569;Chacarita Juniors;;;;;
f0570;Chaco For Ever;;;;;
f0571;Chapecoense-SC;;;;;
f0572;Charleroi;;;;;
f0573;Charlestown Azzurri;;;;;
f0574;Charlton W;;;;;
f0575;Chateauroux;;;;;
f0576;Chaves;;;;;
f0577;Chelsea U19;;;;;
f0578;Chelsea W;;;;;
f0579;Cheltenham;;;;;
f0580;Chemie Leipzig;;;;;
f0581;Chemnitzer;;;;;
f0582;Chiangrai Utd;;;;;
f0583;Chiba;;;;;
f0584;Chicago Fire;;;;;
f0585;Chippenham;;;;;
f0586;Chivilcoy;;;;;
f0587;Chojniczanka;;;;;
f0588;Choloma;;;;;
f0589;Iceland;;;;;
f0590;Igdir FK;;;;;
f0591;Imabari;;;;;
f0592;Imisli FK;;;;;
f0593;IMT Novi Beograd;;;;;
f0594;Ind. Medellin;;;;;
f0595;Ind. Rivadavia;;;;;
f0596;Ind. Yumbo;;;;;
f0597;Independencia;;;;;
f0598;Independente AP;;;;;
f0599;Independiente;;;;;
f0600;Inter Bogot ;;;;;
f0601;Inter de Limeira;;;;;
f0602;Inter F.A;;;;;
f0603;Inter Miami;;;;;
f0604;Internacional;;;;;
f0605;Ipswich;;;;;
f0606;Ipswich U21;;;;;
f0607;IR Reykjavik;;;;;
f0608;IR Tanger;;;;;
f0609;Irapuato;;;;;
f0610;Ironi Baka;;;;;
f0611;Ironi Modiin;;;;;
f0612;Ironi Nesher;;;;;
f0613;Istanbulspor AS;;;;;
f0614;Istra 1961;;;;;
f0615;Itabaiana;;;;;
f0616;Itacoatiara;;;;;
f0617;Ittihad Kalba;;;;;
f0618;Ituano;;;;;
f0619;Ituzaingo;;;;;
f0620;Iwaki;;;;;
f0621;Jacuipense;;;;;
f0622;Jaen;;;;;
f0623;Jagiellonia;;;;;
f0624;Jamaica;;;;;
f0625;Jamshedpur;;;;;
f0626;Jeddah;;;;;
f0627;Jedinstvo U.;;;;;
f0628;Jelenia Gora;;;;;
f0629;Jena;;;;;
f0630;Jerusalem FC;;;;;
f0631;Jeunesse Canach;;;;;
f0632;Jihlava;;;;;
f0633;Ji-Parana;;;;;
f0634;Jong Ajax;;;;;
f0635;Jong AZ;;;;;
f0636;Jong PSV;;;;;
f0637;Jong Utrecht;;;;;
f0638;JS Kairouan;;;;;
f0639;Juan Pablo II;;;;;
f0640;Juticalpa;;;;;
f0641;Juve Stabia;;;;;
f0642;Juventud;;;;;
f0643;Juventude;;;;;
f0644;Juventus;;;;;
f0645;Juventus U23;;;;;
f0646;Juventus-SP;;;;;
f0647;Kabel Novi Sad;;;;;
f0648;Kabylie;;;;;
f0649;Kagoshima Utd;;;;;
f0650;Kahibah;;;;;
f0651;Kaiserslautern;;;;;
f0652;Kakamega Homeboyz;;;;;
f0653;Kamatamare;;;;;
f0654;Kamaz;;;;;
f0655;Kanazawa;;;;;
f0656;KaPa;;;;;
f0657;Kapaz;;;;;
f0658;Karagumruk;;;;;
f0659;Karcagi;;;;;
f0660;Kariobangi Sharks;;;;;
f0661;Karlovac;;;;;
f0662;Karlstad;;;;;
f0663;Karpaty Lviv;;;;;
f0664;Kawkab Marrakech;;;;;
f0665;Kayserispor;;;;;
f0666;KCB;;;;;
f0667;Kerala Blasters;;;;;
f0668;Kerry;;;;;
f0669;Kfar Saba 1928;;;;;
f0670;Khemis El Khechna;;;;;
f0671;Khonkaen Utd.;;;;;
f0672;Khorfakkan;;;;;
f0673;Khroub;;;;;
f0674;Kifisia;;;;;
f0675;Kirivong Sok Sen Chey;;;;;
f0676;Koge;;;;;
f0677;Kochi United;;;;;
f0678;Kolding IF;;;;;
f0679;Koln II;;;;;
f0680;Kolos Kovalivka;;;;;
f0681;Konyaspor;;;;;
f0682;Korofina;;;;;
f0683;Kortrijk;;;;;
f0684;Kozarmisleny SE;;;;;
f0685;Kromeriz;;;;;
f0686;Kuala Lumpur City;;;;;
f0687;Kuching City FC;;;;;
f0688;KuPS;;;;;
f0689;KV Mechelen;;;;;
f0690;Kyoto;;;;;
f0691;La Serena;;;;;
f0692;La Viena;;;;;
f0693;Lafnitz;;;;;
f0694;Lahti;;;;;
f0695;Laktasi;;;;;
f0696;Lamphun Warrior;;;;;
f0697;Langwarrin;;;;;
f0698;Lanus;;;;;
f0699;LASK;;;;;
f0700;LASK (Am);;;;;
f0701;Lausanne;;;;;
f0702;Lausanne Ouchy;;;;;
f0703;Laval;;;;;
f0704;Le Havre;;;;;
f0705;Le Puy-en-Velay;;;;;
f0706;Lecco;;;;;
f0707;Leczna;;;;;
f0708;Legia U19;;;;;
f0709;Lech Poznan;;;;;
f0710;Lechia Gdansk;;;;;
f0711;Leiknir;;;;;
f0712;Leixoes U23;;;;;
f0713;Lens;;;;;
f0714;Leones;;;;;
f0715;Leones del Norte;;;;;
f0716;Leopards;;;;;
f0717;Levadiakos;;;;;
f0718;Levante;;;;;
f0719;Levski Sofia;;;;;
f0720;Liberec W;;;;;
f0721;Liberia;;;;;
f0722;Libertad Asuncion;;;;;
f0723;Liefering;;;;;
f0724;Lille;;;;;
f0725;Linense;;;;;
f0726;Liniers;;;;;
f0727;Lion City;;;;;
f0728;Liverpool;;;;;
f0729;Liverpool M.;;;;;
f0730;Liverpool W;;;;;
f0731;Livingston;;;;;
f0732;Llanelli;;;;;
f0733;Lokomotive Leipzig;;;;;
f0734;Lommel SK U21;;;;;
f0735;Longford;;;;;
f0736;Lorient;;;;;
f0737;Los Andes;;;;;
f0738;Los Angeles FC;;;;;
f0739;Los Angeles Galaxy;;;;;
f0740;Los Chankas;;;;;
f0741;Ludogorets;;;;;
f0742;Lugano;;;;;
f0743;Lugo;;;;;
f0744;Luis Angel Firpo;;;;;
f0745;Lumezzane;;;;;
f0746;Lusitania FC;;;;;
f0747;Luzern;;;;;
f0748;Lyngby;;;;;
f0749;Lyon;;;;;
f0750;M. Ironi Ashdod;;;;;
f0751;M. Ironi Kiryat Malachi;;;;;
f0752;Maastricht;;;;;
f0753;Macara;;;;;
f0754;Macarthur FC;;;;;
f0755;Maccabi Haifa U19;;;;;
f0756;Maccabi Jaffa;;;;;
f0757;Maccabi Neve Shaanan Eldad;;;;;
f0758;Maccabi Petah Tikva;;;;;
f0759;Maccabi Yavne;;;;;
f0760;Macva;;;;;
f0761;Madagascar W;;;;;
f0762;Madura United;;;;;
f0763;Mafra;;;;;
f0764;Magesi;;;;;
f0765;Maghreb Fez;;;;;
f0766;Magra;;;;;
f0767;Maguary;;;;;
f0768;Machida;;;;;
f0769;Maitland;;;;;
f0770;Majd FC;;;;;
f0771;Malaga;;;;;
f0772;Mallorca;;;;;
f0773;Malmo FF;;;;;
f0774;Managua FC;;;;;
f0775;Manauara;;;;;
f0776;Manchester Utd W;;;;;
f0777;Manisa FK;;;;;
f0778;Manly Utd;;;;;
f0779;Mara Sugar;;;;;
f0780;Maranhao;;;;;
f0781;Marathon;;;;;
f0782;Marbella;;;;;
f0783;Marconi Stallions;;;;;
f0784;Marchfeld;;;;;
f0785;Maribor;;;;;
f0786;Marica;;;;;
f0787;Marquense;;;;;
f0788;Martinique;;;;;
f0789;Masar;;;;;
f0790;Masfut;;;;;
f0791;MC Alger;;;;;
f0792;Mechal;;;;;
f0793;Mekelle 70 Enderta;;;;;
f0794;Melbourne Knights;;;;;
f0795;Melbourne Victory;;;;;
f0796;Meppen;;;;;
f0797;Metlaoui;;;;;
f0798;Meuselwitz;;;;;
f0799;Mexico;;;;;
f0800;Mezokovesd-Zsory;;;;;
f0801;Mictlan;;;;;
f0802;Midland;;;;;
f0803;Midtjylland;;;;;
f0804;Miguelito;;;;;
f0805;Millonarios;;;;;
f0806;Millwall;;;;;
f0807;Mingachevir;;;;;
f0808;Minnesota United;;;;;
f0809;Mito;;;;;
f0810;Mixto;;;;;
f0811;Mjallby;;;;;
f0812;Mlada Boleslav;;;;;
f0813;MO Bejaia;;;;;
f0814;MO Constantine;;;;;
f0815;Modena;;;;;
f0816;Modern Sport;;;;;
f0817;MOIK Baku;;;;;
f0818;Monaco;;;;;
f0819;Monagas;;;;;
f0820;Mondorf;;;;;
f0821;Monopoli;;;;;
f0822;Montana;;;;;
f0823;Monte Azul;;;;;
f0824;Montevideo City;;;;;
f0825;Montpellier;;;;;
f0826;Monza;;;;;
f0827;Morecambe;;;;;
f0828;Mosta;;;;;
f0829;Motagua;;;;;
f0830;Mozambique W;;;;;
f0831;MS Tira;;;;;
f0832;MSP Batna;;;;;
f0833;MTK Budapest;;;;;
f0834;Muang Thong Utd;;;;;
f0835;Mumbai City;;;;;
f0836;Municipal;;;;;
f0837;Municipal Limeno;;;;;
f0838;Munich 1860;;;;;
f0839;NAC Breda;;;;;
f0840;Nacional Asuncion;;;;;
f0841;Nacional Potosi;;;;;
f0842;Nacional-AM;;;;;
f0843;Nakhon Ratchasima FC;;;;;
f0844;Nancy;;;;;
f0845;Nantes;;;;;
f0846;Napoli;;;;;
f0847;Nashville SC;;;;;
f0848;National Bank Egypt;;;;;
f0849;Nautico;;;;;
f0850;Necaxa;;;;;
f0851;Negele Arsi Ketema;;;;;
f0852;Neom SC;;;;;
f0853;Neulengbach W;;;;;
f0854;Neusiedl;;;;;
f0855;New England Revolution;;;;;
f0856;New York Red Bulls;;;;;
f0857;Newcastle Jets;;;;;
f0858;Newcastle Utd U21;;;;;
f0859;Newells Old Boys;;;;;
f0860;Newtown;;;;;
f0861;Nicaragua U20;;;;;
f0862;Nice;;;;;
f0863;Niedercorn;;;;;
f0864;Noah;;;;;
f0865;Nof Hagalil;;;;;
f0866;Nomads United;;;;;
f0867;Norderstedt;;;;;
f0868;North East Utd;;;;;
f0869;North Sunshine Eagles;;;;;
f0870;Northcote City;;;;;
f0871;Norwich;;;;;
f0872;Norwich U21;;;;;
f0873;Notec Czarnkow;;;;;
f0874;Nottingham;;;;;
f0875;Nova Iguacu;;;;;
f0876;Novara;;;;;
f0877;Novorizontino;;;;;
f0878;Nurnberg II;;;;;
f0879;Oakleigh Cannons;;;;;
f0880;Oddevold;;;;;
f0881;Odra Opole;;;;;
f0882;Oedt;;;;;
f0883;OFI Crete;;;;;
f0884;O'Higgins;;;;;
f0885;Oita Trinita;;;;;
f0886;Okayama;;;;;
f0887;Olancho;;;;;
f0888;Olimpia;;;;;
f0889;Olimpia Asuncion;;;;;
f0890;Olympic Kingsway;;;;;
f0891;Omonia;;;;;
f0892;Omonia Aradippou;;;;;
f0893;Operario MS;;;;;
f0894;Operario VG;;;;;
f0895;Oran;;;;;
f0896;Orgryte;;;;;
f0897;Orlando City;;;;;
f0898;Osaka;;;;;
f0899;Osasco Sporting;;;;;
f0900;Osasuna B;;;;;
f0901;Ospitaletto;;;;;
f0902;Oss;;;;;
f0903;Ostrava;;;;;
f0904;Otelul;;;;;
f0905;Ourense CF;;;;;
f0906;Oxford Utd;;;;;
f0907;Oxford Utd W;;;;;
f0908;Paderborn;;;;;
f0909;Paks;;;;;
f0910;Palmeiras;;;;;
f0911;Panathinaikos;;;;;
f0912;Panserraikos;;;;;
f0913;PAOK;;;;;
f0914;Para;;;;;
f0915;Paradou;;;;;
f0916;Paraguay U20 W;;;;;
f0917;Paris 13 Atl.;;;;;
f0918;Parma;;;;;
f0919;Parndorf;;;;;
f0920;Pathum United;;;;;
f0921;Patro Eisden;;;;;
f0922;Patronato;;;;;
f0923;Penafiel;;;;;
f0924;Pereira;;;;;
f0925;Pergolettese;;;;;
f0926;Persebaya;;;;;
f0927;Persib Bandung;;;;;
f0928;Persita;;;;;
f0929;Perth Azzurri;;;;;
f0930;Petrojet;;;;;
f0931;Petrovac;;;;;
f0932;Pharco;;;;;
f0933;Philadelphia Union;;;;;
f0934;Phnom Penh Crown;;;;;
f0935;Piast Gliwice;;;;;
f0936;Pieta;;;;;
f0937;Piracicaba;;;;;
f0938;Pitbulls;;;;;
f0939;Platense;;;;;
f0940;Plaza Amador;;;;;
f0941;Plzen;;;;;
f0942;Plzen W;;;;;
f0943;Podbeskidzie;;;;;
f0944;Pogon Siedlce;;;;;
f0945;Police FC;;;;;
f0946;Polissya Zhytomyr;;;;;
f0947;Polokwane;;;;;
f0948;Polonia Bytom;;;;;
f0949;Pontedera;;;;;
f0950;Port Melbourne Sharks;;;;;
f0951;Portimonense;;;;;
f0952;Portland Timbers;;;;;
f0953;Porto Velho;;;;;
f0954;Portuguesa;;;;;
f0955;Portuguesa RJ;;;;;
f0956;Prachuap;;;;;
f0957;Preussen Munster;;;;;
f0958;Primavera;;;;;
f0959;Pro Patria;;;;;
f0960;Pro Vercelli;;;;;
f0961;Proxy;;;;;
f0962;PSBS Biak Numfor;;;;;
f0963;PSG;;;;;
f0964;PSG U19;;;;;
f0965;PSIM Yogyakarta;;;;;
f0966;PSM Makassar;;;;;
f0967;Punjab;;;;;
f0968;Puntarenas FC;;;;;
f0969;Puszcza;;;;;
f0970;Queensland Lions;;;;;
f0971;Quilmes;;;;;
f0972;RAAL La Louviere;;;;;
f0973;RAAL La Louviere U21;;;;;
f0974;Racing Club;;;;;
f0975;Racing Santander;;;;;
f0976;Radnicki Nis;;;;;
f0977;Radnik Bijeljina;;;;;
f0978;Radomiak Radom;;;;;
f0979;Raith;;;;;
f0980;Raja Casablanca;;;;;
f0981;Randers FC;;;;;
f0982;Rangers;;;;;
f0983;Rapperswil-Jona;;;;;
f0984;Ratchaburi;;;;;
f0985;Rayong FC;;;;;
f0986;Real Aviles;;;;;
f0987;Real Espana;;;;;
f0988;Real Madrid;;;;;
f0989;Real Madrid U19;;;;;
f0990;Real Madriz;;;;;
f0991;Real Noroeste;;;;;
f0992;Real Pilar;;;;;
f0993;Real Salt Lake;;;;;
f0994;Recoleta;;;;;
f0995;Recreativo Huelva;;;;;
f0996;Reggiana;;;;;
f0997;Reilac Shiga;;;;;
f0998;Reims;;;;;
f0999;Remo;;;;;
f1000;Renaissance Zemamra;;;;;
f1001;Rennes;;;;;
f1002;Renofa Yamaguchi;;;;;
f1003;Rewal;;;;;
f1004;RFC Liege;;;;;
f1005;RFC Liege U21;;;;;
f1006;Ried;;;;;
f1007;Ried (Am);;;;;
f1008;Rijeka;;;;;
f1009;River Plate;;;;;
f1010;Roda;;;;;
f1011;Rodange;;;;;
f1012;Rosario Central;;;;;
f1013;Rubio Nu;;;;;
f1014;Ruch Chorzow;;;;;
f1015;Ruthin;;;;;
f1016;Ruzomberok;;;;;
f1017;RWDM Brussels;;;;;
f1018;S. Rzeszow;;;;;
f1019;Sabadell;;;;;
f1020;Sabah Baku;;;;;
f1021;Safa Baku;;;;;
f1022;Saida;;;;;
f1023;Salernitana;;;;;
f1024;Salzburg;;;;;
f1025;Sama Al Sarhan;;;;;
f1026;Sampaio Correa FE;;;;;
f1027;Sampdoria;;;;;
f1028;Samsunspor;;;;;
f1029;San Diego FC;;;;;
f1030;San Jose Earthquakes;;;;;
f1031;San Lorenzo;;;;;
f1032;San Martin Burzaco;;;;;
f1033;San Martin S.J.;;;;;
f1034;San Telmo;;;;;
f1035;Sanfrecce Hiroshima;;;;;
f1036;Sanluqueno;;;;;
f1037;Santa Cruz;;;;;
f1038;Santa Fe;;;;;
f1039;Santo Andre;;;;;
f1040;Santos;;;;;
f1041;Santos Laguna;;;;;
f1042;Santos U20;;;;;
f1043;Sao Bento;;;;;
f1044;Sao Bernardo;;;;;
f1045;Sao Francisco FC;;;;;
f1046;Sao Jose EC;;;;;
f1047;Sao Luiz;;;;;
f1048;Sao Paulo;;;;;
f1049;Saoura;;;;;
f1050;Saprissa;;;;;
f1051;Sarmiento Junin;;;;;
f1052;SC Delhi;;;;;
f1053;SC Dimona;;;;;
f1054;SC Farense;;;;;
f1055;SC Weiz;;;;;
f1056;Selangor;;;;;
f1057;SER Caxias;;;;;
f1058;Seraing U21;;;;;
f1059;Sergipe;;;;;
f1060;Serra;;;;;
f1061;Sertaozinho;;;;;
f1062;Sesvete;;;;;
f1063;Sevilla;;;;;
f1064;Sevilla FC B;;;;;
f1065;SG Dynamo Dresden;;;;;
f1066;Shabab Al-Ahli Dubai;;;;;
f1067;Shabab Al-Ahli Dubai U23;;;;;
f1068;Shakhtar Donetsk;;;;;
f1069;Shamakhi;;;;;
f1070;Shamrock Rovers;;;;;
f1071;Sheffield Utd;;;;;
f1072;Sheffield Wed;;;;;
f1073;Sheger Ketema;;;;;
f1074;Shelbourne;;;;;
f1075;Shkendija;;;;;
f1076;Sigma Olomouc;;;;;
f1077;Sileks;;;;;
f1078;Silkeborg;;;;;
f1079;Sion;;;;;
f1080;Siracusa;;;;;
f1081;Siroki Brijeg;;;;;
f1082;SJK Akatemia;;;;;
f1083;SK Rapid II;;;;;
f1084;Slask Wroclaw;;;;;
f1085;Slaven Belupo;;;;;
f1086;Slavia Prague;;;;;
f1087;Slavia Sofia;;;;;
f1088;Sleza Wroclaw;;;;;
f1089;Sligo Rovers;;;;;
f1090;Sloga Doboj;;;;;
f1091;Slovan Bratislava;;;;;
f1092;Smederevo;;;;;
f1093;Sofapaka;;;;;
f1094;Sochaux;;;;;
f1095;Solihull Moors;;;;;
f1096;Soroksar;;;;;
f1097;Sorrento;;;;;
f1098;Southampton U21;;;;;
f1099;Sp. Luqueno;;;;;
f1100;Sparta Prague;;;;;
f1101;Sparta Rotterdam;;;;;
f1102;Spartak Varna;;;;;
f1103;Sport Huancayo;;;;;
f1104;Sporting CP;;;;;
f1105;Sporting Cristal;;;;;
f1106;Sporting FC;;;;;
f1107;Sporting Kansas City;;;;;
f1108;Sportivo Italiano;;;;;
f1109;Sportivo Trinidense;;;;;
f1110;SSVg Velbert;;;;;
f1111;St Albans;;;;;
f1112;St. George City;;;;;
f1113;St. George Willawong;;;;;
f1114;St. Liege;;;;;
f1115;St. Patricks;;;;;
f1116;St. Pauli;;;;;
f1117;St. Polten;;;;;
f1118;Stade Briochin;;;;;
f1119;Stade Renard;;;;;
f1120;Steaua Bucuresti;;;;;
f1121;Stellenbosch;;;;;
f1122;Stoke;;;;;
f1123;Stoke City U21;;;;;
f1124;Strasbourg;;;;;
f1125;Sturm Graz;;;;;
f1126;Stuttgart;;;;;
f1127;Suduva;;;;;
f1128;Sumqayit;;;;;
f1129;Sunderland;;;;;
f1130;Sutjeska;;;;;
f1131;Sutton;;;;;
f1132;SV Oberwart;;;;;
f1133;Svay Rieng;;;;;
f1134;Sydney FC U23;;;;;
f1135;Sydney Olympic;;;;;
f1136;Sydney Utd;;;;;
f1137;Szeged;;;;;
f1138;Szentlorinc;;;;;
f1139;Tahiti United;;;;;
f1140;Talleres (R.E);;;;;
f1141;Tampines;;;;;
f1142;Tanta;;;;;
f1143;Taubate;;;;;
f1144;Taunton;;;;;
f1145;Telaghema;;;;;
f1146;Telstar;;;;;
f1147;Tenerife;;;;;
f1148;Teplice;;;;;
f1149;Tersana;;;;;
f1150;Teruel;;;;;
f1151;Thor Akureyri;;;;;
f1152;Thun;;;;;
f1153;Tigre;;;;;
f1154;Tirol;;;;;
f1155;Tiszakecske;;;;;
f1156;Tochigi City;;;;;
f1157;Tochigi SC;;;;;
f1158;Toluca;;;;;
f1159;Torreense U23;;;;;
f1160;Torremolinos;;;;;
f1161;Tottenham;;;;;
f1162;Trabzonspor;;;;;
f1163;Treaty United;;;;;
f1164;Trelleborg;;;;;
f1165;Trem;;;;;
f1166;Trento;;;;;
f1167;Triestina;;;;;
f1168;Trofense;;;;;
f1169;Truro;;;;;
f1170;TSC;;;;;
f1171;Twente;;;;;
f1172;TWL Elektra;;;;;
f1173;Tzeirey Tamra;;;;;
f1174;Tzeirey Um El Fahem;;;;;
f1175;U. Catolica;;;;;
f1176;U. Cluj;;;;;
f1177;U. De Concepcion;;;;;
f1178;U. Espanola;;;;;
f1179;UC Dublin;;;;;
f1180;UD Ibiza;;;;;
f1181;Ulinzi Stars;;;;;
f1182;Umm-Salal;;;;;
f1183;Umraniyespor;;;;;
f1184;UNA Strassen;;;;;
f1185;UNAN-Managua;;;;;
f1186;Union Cocle;;;;;
f1187;Union de Santa Fe;;;;;
f1188;Union Gurten;;;;;
f1189;Union Titus Petange;;;;;
f1190;Unirea Slobozia;;;;;
f1191;United FC;;;;;
f1192;Univ. Craiova;;;;;
f1193;Universidad Central;;;;;
f1194;Universidad O&M;;;;;
f1195;UPNFM;;;;;
f1196;Ural;;;;;
f1197;Urartu;;;;;
f1198;US Bougouni;;;;;
f1199;US Chaouia;;;;;
f1200;USFAS Bamako;;;;;
f1201;USM Alger;;;;;
f1202;Usti nad Labem;;;;;
f1203;Utrecht;;;;;
f1204;Vaduz;;;;;
f1205;Valencia;;;;;
f1206;Valentine;;;;;
f1207;Valladolid;;;;;
f1208;Valur;;;;;
f1209;Van;;;;;
f1210;Vancouver Whitecaps;;;;;
f1211;Varazdin;;;;;
f1212;Varberg;;;;;
f1213;Varnamo;;;;;
f1214;Vasas;;;;;
f1215;Vasco;;;;;
f1216;Vasteras SK;;;;;
f1217;Vegalta Sendai;;;;;
f1218;Velez Mostar;;;;;
f1219;Velez Sarsfield;;;;;
f1220;Venezuela U20 W;;;;;
f1221;Venlo;;;;;
f1222;Veres-Rivne;;;;;
f1223;Versailles;;;;;
f1224;Viborg;;;;;
f1225;Victoria;;;;;
f1226;Victoria Rosport;;;;;
f1227;Viktoria Koln;;;;;
f1228;Villa Dalmine;;;;;
f1229;Villa San Carlos;;;;;
f1230;Villarreal;;;;;
f1231;Villarreal U19;;;;;
f1232;Villefranche;;;;;
f1233;Vissel Kobe;;;;;
f1234;Vitesse;;;;;
f1235;Volos;;;;;
f1236;Votuporanguense;;;;;
f1237;Vozdovac;;;;;
f1238;Waalwijk;;;;;
f1239;Wallern/St Marienkirchen;;;;;
f1240;Waregem;;;;;
f1241;Waterford;;;;;
f1242;Watford;;;;;
f1243;WE SC;;;;;
f1244;Welayta Dicha;;;;;
f1245;Werder Bremen;;;;;
f1246;West Ham W;;;;;
f1247;Westerlo;;;;;
f1248;Wexford;;;;;
f1249;Wil;;;;;
f1250;Willem II;;;;;
f1251;Wimborne;;;;;
f1252;Winterthur;;;;;
f1253;Woking;;;;;
f1254;Wollongong Wolves;;;;;
f1255;Wolves;;;;;
f1256;Wrzesnia;;;;;
f1257;WS Wanderers;;;;;
f1258;WS Wanderers U21;;;;;
f1259;Wurzburger Kickers;;;;;
f1260;Xamax;;;;;
f1261;Xelaju;;;;;
f1262;Xerez D.F.C.;;;;;
f1263;Yeovil;;;;;
f1264;Yokohama FC;;;;;
f1265;Young Boys;;;;;
f1266;Young Lions;;;;;
f1267;Ypiranga FC;;;;;
f1268;Yverdon;;;;;
f1269;Zacatecoluca;;;;;
f1270;Zakho;;;;;
f1271;Zalaegerszegi;;;;;
f1272;Zalgiris;;;;;
f1273;Zaragoza;;;;;
f1274;Zarzis;;;;;
f1275;Zawisza;;;;;
f1276;Zeledon;;;;;
f1277;Zeljeznicar;;;;;
f1278;Zemun;;;;;
f1279;Zenit;;;;;
f1280;Zilina U19;;;;;
f1281;Zira;;;;;
f1282;Zrinjski;;;;;
f1283;Zwickau;;;;;
f1284;Zwolle;;;;;
